{"frames": {

"woman_walk_def_E_0000.png":
{
	"frame": {"x":1055,"y":1,"w":22,"h":33},
	"rotated": false,
	"trimmed": true,
	"spriteSourceSize": {"x":23,"y":10,"w":22,"h":33},
	"sourceSize": {"w":60,"h":60}
},
"woman_walk_def_E_0001.png":
{
	"frame": {"x":1,"y":1,"w":22,"h":32},
	"rotated": false,
	"trimmed": true,
	"spriteSourceSize": {"x":23,"y":10,"w":22,"h":32},
	"sourceSize": {"w":60,"h":60}
},
"woman_walk_def_E_0002.png":
{
	"frame": {"x":1079,"y":1,"w":22,"h":33},
	"rotated": false,
	"trimmed": true,
	"spriteSourceSize": {"x":23,"y":9,"w":22,"h":33},
	"sourceSize": {"w":60,"h":60}
},
"woman_walk_def_E_0003.png":
{
	"frame": {"x":1103,"y":1,"w":23,"h":33},
	"rotated": false,
	"trimmed": true,
	"spriteSourceSize": {"x":22,"y":9,"w":23,"h":33},
	"sourceSize": {"w":60,"h":60}
},
"woman_walk_def_E_0004.png":
{
	"frame": {"x":1128,"y":1,"w":23,"h":33},
	"rotated": false,
	"trimmed": true,
	"spriteSourceSize": {"x":22,"y":9,"w":23,"h":33},
	"sourceSize": {"w":60,"h":60}
},
"woman_walk_def_E_0005.png":
{
	"frame": {"x":1153,"y":1,"w":24,"h":33},
	"rotated": false,
	"trimmed": true,
	"spriteSourceSize": {"x":22,"y":9,"w":24,"h":33},
	"sourceSize": {"w":60,"h":60}
},
"woman_walk_def_E_0006.png":
{
	"frame": {"x":1179,"y":1,"w":24,"h":33},
	"rotated": false,
	"trimmed": true,
	"spriteSourceSize": {"x":21,"y":9,"w":24,"h":33},
	"sourceSize": {"w":60,"h":60}
},
"woman_walk_def_E_0007.png":
{
	"frame": {"x":1205,"y":1,"w":24,"h":33},
	"rotated": false,
	"trimmed": true,
	"spriteSourceSize": {"x":21,"y":9,"w":24,"h":33},
	"sourceSize": {"w":60,"h":60}
},
"woman_walk_def_E_0008.png":
{
	"frame": {"x":25,"y":1,"w":25,"h":32},
	"rotated": false,
	"trimmed": true,
	"spriteSourceSize": {"x":20,"y":9,"w":25,"h":32},
	"sourceSize": {"w":60,"h":60}
},
"woman_walk_def_E_0009.png":
{
	"frame": {"x":52,"y":1,"w":27,"h":32},
	"rotated": false,
	"trimmed": true,
	"spriteSourceSize": {"x":20,"y":9,"w":27,"h":32},
	"sourceSize": {"w":60,"h":60}
},
"woman_walk_def_E_0010.png":
{
	"frame": {"x":81,"y":1,"w":27,"h":32},
	"rotated": false,
	"trimmed": true,
	"spriteSourceSize": {"x":20,"y":9,"w":27,"h":32},
	"sourceSize": {"w":60,"h":60}
},
"woman_walk_def_E_0011.png":
{
	"frame": {"x":110,"y":1,"w":26,"h":32},
	"rotated": false,
	"trimmed": true,
	"spriteSourceSize": {"x":19,"y":9,"w":26,"h":32},
	"sourceSize": {"w":60,"h":60}
},
"woman_walk_def_E_0012.png":
{
	"frame": {"x":138,"y":1,"w":26,"h":32},
	"rotated": false,
	"trimmed": true,
	"spriteSourceSize": {"x":19,"y":9,"w":26,"h":32},
	"sourceSize": {"w":60,"h":60}
},
"woman_walk_def_E_0013.png":
{
	"frame": {"x":166,"y":1,"w":26,"h":32},
	"rotated": false,
	"trimmed": true,
	"spriteSourceSize": {"x":19,"y":9,"w":26,"h":32},
	"sourceSize": {"w":60,"h":60}
},
"woman_walk_def_E_0014.png":
{
	"frame": {"x":194,"y":1,"w":26,"h":32},
	"rotated": false,
	"trimmed": true,
	"spriteSourceSize": {"x":19,"y":9,"w":26,"h":32},
	"sourceSize": {"w":60,"h":60}
},
"woman_walk_def_E_0015.png":
{
	"frame": {"x":222,"y":1,"w":26,"h":32},
	"rotated": false,
	"trimmed": true,
	"spriteSourceSize": {"x":20,"y":9,"w":26,"h":32},
	"sourceSize": {"w":60,"h":60}
},
"woman_walk_def_E_0016.png":
{
	"frame": {"x":250,"y":1,"w":24,"h":32},
	"rotated": false,
	"trimmed": true,
	"spriteSourceSize": {"x":21,"y":9,"w":24,"h":32},
	"sourceSize": {"w":60,"h":60}
},
"woman_walk_def_E_0017.png":
{
	"frame": {"x":276,"y":1,"w":24,"h":32},
	"rotated": false,
	"trimmed": true,
	"spriteSourceSize": {"x":21,"y":9,"w":24,"h":32},
	"sourceSize": {"w":60,"h":60}
},
"woman_walk_def_E_0018.png":
{
	"frame": {"x":1231,"y":1,"w":23,"h":33},
	"rotated": false,
	"trimmed": true,
	"spriteSourceSize": {"x":22,"y":9,"w":23,"h":33},
	"sourceSize": {"w":60,"h":60}
},
"woman_walk_def_E_0019.png":
{
	"frame": {"x":1256,"y":1,"w":22,"h":33},
	"rotated": false,
	"trimmed": true,
	"spriteSourceSize": {"x":23,"y":9,"w":22,"h":33},
	"sourceSize": {"w":60,"h":60}
},
"woman_walk_def_E_0020.png":
{
	"frame": {"x":302,"y":1,"w":22,"h":32},
	"rotated": false,
	"trimmed": true,
	"spriteSourceSize": {"x":23,"y":10,"w":22,"h":32},
	"sourceSize": {"w":60,"h":60}
},
"woman_walk_def_E_0021.png":
{
	"frame": {"x":326,"y":1,"w":22,"h":32},
	"rotated": false,
	"trimmed": true,
	"spriteSourceSize": {"x":23,"y":10,"w":22,"h":32},
	"sourceSize": {"w":60,"h":60}
},
"woman_walk_def_E_0022.png":
{
	"frame": {"x":1280,"y":1,"w":23,"h":33},
	"rotated": false,
	"trimmed": true,
	"spriteSourceSize": {"x":22,"y":9,"w":23,"h":33},
	"sourceSize": {"w":60,"h":60}
},
"woman_walk_def_E_0023.png":
{
	"frame": {"x":1305,"y":1,"w":23,"h":33},
	"rotated": false,
	"trimmed": true,
	"spriteSourceSize": {"x":22,"y":9,"w":23,"h":33},
	"sourceSize": {"w":60,"h":60}
},
"woman_walk_def_E_0024.png":
{
	"frame": {"x":350,"y":1,"w":24,"h":32},
	"rotated": false,
	"trimmed": true,
	"spriteSourceSize": {"x":21,"y":9,"w":24,"h":32},
	"sourceSize": {"w":60,"h":60}
},
"woman_walk_def_E_0025.png":
{
	"frame": {"x":376,"y":1,"w":26,"h":32},
	"rotated": false,
	"trimmed": true,
	"spriteSourceSize": {"x":21,"y":9,"w":26,"h":32},
	"sourceSize": {"w":60,"h":60}
},
"woman_walk_def_E_0026.png":
{
	"frame": {"x":1330,"y":1,"w":26,"h":33},
	"rotated": false,
	"trimmed": true,
	"spriteSourceSize": {"x":21,"y":9,"w":26,"h":33},
	"sourceSize": {"w":60,"h":60}
},
"woman_walk_def_E_0027.png":
{
	"frame": {"x":1358,"y":1,"w":25,"h":33},
	"rotated": false,
	"trimmed": true,
	"spriteSourceSize": {"x":20,"y":9,"w":25,"h":33},
	"sourceSize": {"w":60,"h":60}
},
"woman_walk_def_E_0028.png":
{
	"frame": {"x":1385,"y":1,"w":27,"h":33},
	"rotated": false,
	"trimmed": true,
	"spriteSourceSize": {"x":20,"y":9,"w":27,"h":33},
	"sourceSize": {"w":60,"h":60}
},
"woman_walk_def_E_0029.png":
{
	"frame": {"x":1414,"y":1,"w":25,"h":33},
	"rotated": false,
	"trimmed": true,
	"spriteSourceSize": {"x":20,"y":9,"w":25,"h":33},
	"sourceSize": {"w":60,"h":60}
},
"woman_walk_def_E_0030.png":
{
	"frame": {"x":1441,"y":1,"w":27,"h":33},
	"rotated": false,
	"trimmed": true,
	"spriteSourceSize": {"x":20,"y":9,"w":27,"h":33},
	"sourceSize": {"w":60,"h":60}
},
"woman_walk_def_E_0031.png":
{
	"frame": {"x":1470,"y":1,"w":25,"h":33},
	"rotated": false,
	"trimmed": true,
	"spriteSourceSize": {"x":20,"y":9,"w":25,"h":33},
	"sourceSize": {"w":60,"h":60}
},
"woman_walk_def_E_0032.png":
{
	"frame": {"x":1497,"y":1,"w":25,"h":33},
	"rotated": false,
	"trimmed": true,
	"spriteSourceSize": {"x":20,"y":9,"w":25,"h":33},
	"sourceSize": {"w":60,"h":60}
},
"woman_walk_def_E_0033.png":
{
	"frame": {"x":1524,"y":1,"w":25,"h":33},
	"rotated": false,
	"trimmed": true,
	"spriteSourceSize": {"x":20,"y":9,"w":25,"h":33},
	"sourceSize": {"w":60,"h":60}
},
"woman_walk_def_E_0034.png":
{
	"frame": {"x":1551,"y":1,"w":26,"h":33},
	"rotated": false,
	"trimmed": true,
	"spriteSourceSize": {"x":21,"y":9,"w":26,"h":33},
	"sourceSize": {"w":60,"h":60}
},
"woman_walk_def_E_0035.png":
{
	"frame": {"x":1579,"y":1,"w":25,"h":33},
	"rotated": false,
	"trimmed": true,
	"spriteSourceSize": {"x":21,"y":9,"w":25,"h":33},
	"sourceSize": {"w":60,"h":60}
},
"woman_walk_def_E_0036.png":
{
	"frame": {"x":1606,"y":1,"w":23,"h":33},
	"rotated": false,
	"trimmed": true,
	"spriteSourceSize": {"x":22,"y":9,"w":23,"h":33},
	"sourceSize": {"w":60,"h":60}
},
"woman_walk_def_E_0037.png":
{
	"frame": {"x":1631,"y":1,"w":23,"h":33},
	"rotated": false,
	"trimmed": true,
	"spriteSourceSize": {"x":22,"y":9,"w":23,"h":33},
	"sourceSize": {"w":60,"h":60}
},
"woman_walk_def_E_0038.png":
{
	"frame": {"x":1656,"y":1,"w":22,"h":33},
	"rotated": false,
	"trimmed": true,
	"spriteSourceSize": {"x":23,"y":9,"w":22,"h":33},
	"sourceSize": {"w":60,"h":60}
},
"woman_walk_def_E_0039.png":
{
	"frame": {"x":404,"y":1,"w":22,"h":32},
	"rotated": false,
	"trimmed": true,
	"spriteSourceSize": {"x":23,"y":10,"w":22,"h":32},
	"sourceSize": {"w":60,"h":60}
},
"woman_walk_def_N_0000.png":
{
	"frame": {"x":268,"y":35,"w":22,"h":33},
	"rotated": false,
	"trimmed": true,
	"spriteSourceSize": {"x":25,"y":10,"w":22,"h":33},
	"sourceSize": {"w":60,"h":60}
},
"woman_walk_def_N_0001.png":
{
	"frame": {"x":778,"y":70,"w":22,"h":34},
	"rotated": false,
	"trimmed": true,
	"spriteSourceSize": {"x":25,"y":10,"w":22,"h":34},
	"sourceSize": {"w":60,"h":60}
},
"woman_walk_def_N_0002.png":
{
	"frame": {"x":802,"y":70,"w":22,"h":34},
	"rotated": false,
	"trimmed": true,
	"spriteSourceSize": {"x":25,"y":10,"w":22,"h":34},
	"sourceSize": {"w":60,"h":60}
},
"woman_walk_def_N_0003.png":
{
	"frame": {"x":826,"y":70,"w":22,"h":34},
	"rotated": false,
	"trimmed": true,
	"spriteSourceSize": {"x":25,"y":10,"w":22,"h":34},
	"sourceSize": {"w":60,"h":60}
},
"woman_walk_def_N_0004.png":
{
	"frame": {"x":850,"y":70,"w":23,"h":34},
	"rotated": false,
	"trimmed": true,
	"spriteSourceSize": {"x":25,"y":10,"w":23,"h":34},
	"sourceSize": {"w":60,"h":60}
},
"woman_walk_def_N_0005.png":
{
	"frame": {"x":875,"y":70,"w":22,"h":34},
	"rotated": false,
	"trimmed": true,
	"spriteSourceSize": {"x":25,"y":10,"w":22,"h":34},
	"sourceSize": {"w":60,"h":60}
},
"woman_walk_def_N_0006.png":
{
	"frame": {"x":774,"y":106,"w":22,"h":35},
	"rotated": false,
	"trimmed": true,
	"spriteSourceSize": {"x":25,"y":10,"w":22,"h":35},
	"sourceSize": {"w":60,"h":60}
},
"woman_walk_def_N_0007.png":
{
	"frame": {"x":798,"y":106,"w":22,"h":35},
	"rotated": false,
	"trimmed": true,
	"spriteSourceSize": {"x":25,"y":10,"w":22,"h":35},
	"sourceSize": {"w":60,"h":60}
},
"woman_walk_def_N_0008.png":
{
	"frame": {"x":822,"y":106,"w":22,"h":35},
	"rotated": false,
	"trimmed": true,
	"spriteSourceSize": {"x":25,"y":10,"w":22,"h":35},
	"sourceSize": {"w":60,"h":60}
},
"woman_walk_def_N_0009.png":
{
	"frame": {"x":846,"y":106,"w":22,"h":35},
	"rotated": false,
	"trimmed": true,
	"spriteSourceSize": {"x":25,"y":10,"w":22,"h":35},
	"sourceSize": {"w":60,"h":60}
},
"woman_walk_def_N_0010.png":
{
	"frame": {"x":1793,"y":107,"w":22,"h":36},
	"rotated": false,
	"trimmed": true,
	"spriteSourceSize": {"x":25,"y":10,"w":22,"h":36},
	"sourceSize": {"w":60,"h":60}
},
"woman_walk_def_N_0011.png":
{
	"frame": {"x":1817,"y":107,"w":22,"h":36},
	"rotated": false,
	"trimmed": true,
	"spriteSourceSize": {"x":25,"y":10,"w":22,"h":36},
	"sourceSize": {"w":60,"h":60}
},
"woman_walk_def_N_0012.png":
{
	"frame": {"x":1841,"y":107,"w":23,"h":36},
	"rotated": false,
	"trimmed": true,
	"spriteSourceSize": {"x":24,"y":10,"w":23,"h":36},
	"sourceSize": {"w":60,"h":60}
},
"woman_walk_def_N_0013.png":
{
	"frame": {"x":1866,"y":107,"w":23,"h":36},
	"rotated": false,
	"trimmed": true,
	"spriteSourceSize": {"x":24,"y":10,"w":23,"h":36},
	"sourceSize": {"w":60,"h":60}
},
"woman_walk_def_N_0014.png":
{
	"frame": {"x":870,"y":106,"w":23,"h":35},
	"rotated": false,
	"trimmed": true,
	"spriteSourceSize": {"x":24,"y":10,"w":23,"h":35},
	"sourceSize": {"w":60,"h":60}
},
"woman_walk_def_N_0015.png":
{
	"frame": {"x":895,"y":106,"w":23,"h":35},
	"rotated": false,
	"trimmed": true,
	"spriteSourceSize": {"x":24,"y":10,"w":23,"h":35},
	"sourceSize": {"w":60,"h":60}
},
"woman_walk_def_N_0016.png":
{
	"frame": {"x":899,"y":70,"w":22,"h":34},
	"rotated": false,
	"trimmed": true,
	"spriteSourceSize": {"x":25,"y":10,"w":22,"h":34},
	"sourceSize": {"w":60,"h":60}
},
"woman_walk_def_N_0017.png":
{
	"frame": {"x":923,"y":70,"w":22,"h":34},
	"rotated": false,
	"trimmed": true,
	"spriteSourceSize": {"x":25,"y":10,"w":22,"h":34},
	"sourceSize": {"w":60,"h":60}
},
"woman_walk_def_N_0018.png":
{
	"frame": {"x":947,"y":70,"w":22,"h":34},
	"rotated": false,
	"trimmed": true,
	"spriteSourceSize": {"x":25,"y":10,"w":22,"h":34},
	"sourceSize": {"w":60,"h":60}
},
"woman_walk_def_N_0019.png":
{
	"frame": {"x":292,"y":35,"w":22,"h":33},
	"rotated": false,
	"trimmed": true,
	"spriteSourceSize": {"x":25,"y":10,"w":22,"h":33},
	"sourceSize": {"w":60,"h":60}
},
"woman_walk_def_N_0020.png":
{
	"frame": {"x":971,"y":70,"w":22,"h":34},
	"rotated": false,
	"trimmed": true,
	"spriteSourceSize": {"x":25,"y":10,"w":22,"h":34},
	"sourceSize": {"w":60,"h":60}
},
"woman_walk_def_N_0021.png":
{
	"frame": {"x":995,"y":70,"w":22,"h":34},
	"rotated": false,
	"trimmed": true,
	"spriteSourceSize": {"x":25,"y":10,"w":22,"h":34},
	"sourceSize": {"w":60,"h":60}
},
"woman_walk_def_N_0022.png":
{
	"frame": {"x":1019,"y":70,"w":22,"h":34},
	"rotated": false,
	"trimmed": true,
	"spriteSourceSize": {"x":25,"y":10,"w":22,"h":34},
	"sourceSize": {"w":60,"h":60}
},
"woman_walk_def_N_0023.png":
{
	"frame": {"x":1043,"y":71,"w":22,"h":34},
	"rotated": false,
	"trimmed": true,
	"spriteSourceSize": {"x":25,"y":10,"w":22,"h":34},
	"sourceSize": {"w":60,"h":60}
},
"woman_walk_def_N_0024.png":
{
	"frame": {"x":920,"y":106,"w":22,"h":35},
	"rotated": false,
	"trimmed": true,
	"spriteSourceSize": {"x":25,"y":10,"w":22,"h":35},
	"sourceSize": {"w":60,"h":60}
},
"woman_walk_def_N_0025.png":
{
	"frame": {"x":944,"y":106,"w":22,"h":35},
	"rotated": false,
	"trimmed": true,
	"spriteSourceSize": {"x":25,"y":10,"w":22,"h":35},
	"sourceSize": {"w":60,"h":60}
},
"woman_walk_def_N_0026.png":
{
	"frame": {"x":968,"y":106,"w":22,"h":35},
	"rotated": false,
	"trimmed": true,
	"spriteSourceSize": {"x":25,"y":10,"w":22,"h":35},
	"sourceSize": {"w":60,"h":60}
},
"woman_walk_def_N_0027.png":
{
	"frame": {"x":992,"y":106,"w":22,"h":35},
	"rotated": false,
	"trimmed": true,
	"spriteSourceSize": {"x":25,"y":10,"w":22,"h":35},
	"sourceSize": {"w":60,"h":60}
},
"woman_walk_def_N_0028.png":
{
	"frame": {"x":1016,"y":106,"w":22,"h":35},
	"rotated": false,
	"trimmed": true,
	"spriteSourceSize": {"x":25,"y":10,"w":22,"h":35},
	"sourceSize": {"w":60,"h":60}
},
"woman_walk_def_N_0029.png":
{
	"frame": {"x":1040,"y":107,"w":22,"h":35},
	"rotated": false,
	"trimmed": true,
	"spriteSourceSize": {"x":25,"y":10,"w":22,"h":35},
	"sourceSize": {"w":60,"h":60}
},
"woman_walk_def_N_0030.png":
{
	"frame": {"x":1064,"y":107,"w":22,"h":35},
	"rotated": false,
	"trimmed": true,
	"spriteSourceSize": {"x":25,"y":10,"w":22,"h":35},
	"sourceSize": {"w":60,"h":60}
},
"woman_walk_def_N_0031.png":
{
	"frame": {"x":1088,"y":107,"w":22,"h":35},
	"rotated": false,
	"trimmed": true,
	"spriteSourceSize": {"x":25,"y":10,"w":22,"h":35},
	"sourceSize": {"w":60,"h":60}
},
"woman_walk_def_N_0032.png":
{
	"frame": {"x":1112,"y":107,"w":22,"h":35},
	"rotated": false,
	"trimmed": true,
	"spriteSourceSize": {"x":25,"y":10,"w":22,"h":35},
	"sourceSize": {"w":60,"h":60}
},
"woman_walk_def_N_0033.png":
{
	"frame": {"x":1136,"y":107,"w":22,"h":35},
	"rotated": false,
	"trimmed": true,
	"spriteSourceSize": {"x":25,"y":10,"w":22,"h":35},
	"sourceSize": {"w":60,"h":60}
},
"woman_walk_def_N_0034.png":
{
	"frame": {"x":1067,"y":71,"w":22,"h":34},
	"rotated": false,
	"trimmed": true,
	"spriteSourceSize": {"x":25,"y":10,"w":22,"h":34},
	"sourceSize": {"w":60,"h":60}
},
"woman_walk_def_N_0035.png":
{
	"frame": {"x":1091,"y":71,"w":22,"h":34},
	"rotated": false,
	"trimmed": true,
	"spriteSourceSize": {"x":25,"y":10,"w":22,"h":34},
	"sourceSize": {"w":60,"h":60}
},
"woman_walk_def_N_0036.png":
{
	"frame": {"x":1115,"y":71,"w":22,"h":34},
	"rotated": false,
	"trimmed": true,
	"spriteSourceSize": {"x":25,"y":10,"w":22,"h":34},
	"sourceSize": {"w":60,"h":60}
},
"woman_walk_def_N_0037.png":
{
	"frame": {"x":316,"y":35,"w":22,"h":33},
	"rotated": false,
	"trimmed": true,
	"spriteSourceSize": {"x":25,"y":10,"w":22,"h":33},
	"sourceSize": {"w":60,"h":60}
},
"woman_walk_def_N_0038.png":
{
	"frame": {"x":340,"y":35,"w":22,"h":33},
	"rotated": false,
	"trimmed": true,
	"spriteSourceSize": {"x":25,"y":10,"w":22,"h":33},
	"sourceSize": {"w":60,"h":60}
},
"woman_walk_def_N_0039.png":
{
	"frame": {"x":364,"y":35,"w":22,"h":33},
	"rotated": false,
	"trimmed": true,
	"spriteSourceSize": {"x":25,"y":10,"w":22,"h":33},
	"sourceSize": {"w":60,"h":60}
},
"woman_walk_def_NE_0000.png":
{
	"frame": {"x":1680,"y":1,"w":21,"h":33},
	"rotated": false,
	"trimmed": true,
	"spriteSourceSize": {"x":24,"y":10,"w":21,"h":33},
	"sourceSize": {"w":60,"h":60}
},
"woman_walk_def_NE_0001.png":
{
	"frame": {"x":1703,"y":1,"w":22,"h":33},
	"rotated": false,
	"trimmed": true,
	"spriteSourceSize": {"x":24,"y":10,"w":22,"h":33},
	"sourceSize": {"w":60,"h":60}
},
"woman_walk_def_NE_0002.png":
{
	"frame": {"x":1727,"y":1,"w":23,"h":33},
	"rotated": false,
	"trimmed": true,
	"spriteSourceSize": {"x":24,"y":10,"w":23,"h":33},
	"sourceSize": {"w":60,"h":60}
},
"woman_walk_def_NE_0003.png":
{
	"frame": {"x":1752,"y":1,"w":23,"h":33},
	"rotated": false,
	"trimmed": true,
	"spriteSourceSize": {"x":23,"y":10,"w":23,"h":33},
	"sourceSize": {"w":60,"h":60}
},
"woman_walk_def_NE_0004.png":
{
	"frame": {"x":1777,"y":1,"w":23,"h":33},
	"rotated": false,
	"trimmed": true,
	"spriteSourceSize": {"x":23,"y":10,"w":23,"h":33},
	"sourceSize": {"w":60,"h":60}
},
"woman_walk_def_NE_0005.png":
{
	"frame": {"x":1802,"y":1,"w":24,"h":33},
	"rotated": false,
	"trimmed": true,
	"spriteSourceSize": {"x":23,"y":10,"w":24,"h":33},
	"sourceSize": {"w":60,"h":60}
},
"woman_walk_def_NE_0006.png":
{
	"frame": {"x":51,"y":105,"w":23,"h":35},
	"rotated": false,
	"trimmed": true,
	"spriteSourceSize": {"x":23,"y":9,"w":23,"h":35},
	"sourceSize": {"w":60,"h":60}
},
"woman_walk_def_NE_0007.png":
{
	"frame": {"x":76,"y":105,"w":24,"h":35},
	"rotated": false,
	"trimmed": true,
	"spriteSourceSize": {"x":23,"y":9,"w":24,"h":35},
	"sourceSize": {"w":60,"h":60}
},
"woman_walk_def_NE_0008.png":
{
	"frame": {"x":102,"y":106,"w":23,"h":35},
	"rotated": false,
	"trimmed": true,
	"spriteSourceSize": {"x":23,"y":9,"w":23,"h":35},
	"sourceSize": {"w":60,"h":60}
},
"woman_walk_def_NE_0009.png":
{
	"frame": {"x":127,"y":106,"w":23,"h":35},
	"rotated": false,
	"trimmed": true,
	"spriteSourceSize": {"x":23,"y":9,"w":23,"h":35},
	"sourceSize": {"w":60,"h":60}
},
"woman_walk_def_NE_0010.png":
{
	"frame": {"x":152,"y":106,"w":25,"h":35},
	"rotated": false,
	"trimmed": true,
	"spriteSourceSize": {"x":22,"y":9,"w":25,"h":35},
	"sourceSize": {"w":60,"h":60}
},
"woman_walk_def_NE_0011.png":
{
	"frame": {"x":179,"y":106,"w":24,"h":35},
	"rotated": false,
	"trimmed": true,
	"spriteSourceSize": {"x":22,"y":9,"w":24,"h":35},
	"sourceSize": {"w":60,"h":60}
},
"woman_walk_def_NE_0012.png":
{
	"frame": {"x":205,"y":106,"w":25,"h":35},
	"rotated": false,
	"trimmed": true,
	"spriteSourceSize": {"x":21,"y":9,"w":25,"h":35},
	"sourceSize": {"w":60,"h":60}
},
"woman_walk_def_NE_0013.png":
{
	"frame": {"x":232,"y":106,"w":25,"h":35},
	"rotated": false,
	"trimmed": true,
	"spriteSourceSize": {"x":21,"y":9,"w":25,"h":35},
	"sourceSize": {"w":60,"h":60}
},
"woman_walk_def_NE_0014.png":
{
	"frame": {"x":109,"y":70,"w":25,"h":34},
	"rotated": false,
	"trimmed": true,
	"spriteSourceSize": {"x":21,"y":10,"w":25,"h":34},
	"sourceSize": {"w":60,"h":60}
},
"woman_walk_def_NE_0015.png":
{
	"frame": {"x":136,"y":70,"w":25,"h":34},
	"rotated": false,
	"trimmed": true,
	"spriteSourceSize": {"x":21,"y":10,"w":25,"h":34},
	"sourceSize": {"w":60,"h":60}
},
"woman_walk_def_NE_0016.png":
{
	"frame": {"x":163,"y":70,"w":26,"h":34},
	"rotated": false,
	"trimmed": true,
	"spriteSourceSize": {"x":21,"y":10,"w":26,"h":34},
	"sourceSize": {"w":60,"h":60}
},
"woman_walk_def_NE_0017.png":
{
	"frame": {"x":1828,"y":1,"w":26,"h":33},
	"rotated": false,
	"trimmed": true,
	"spriteSourceSize": {"x":21,"y":10,"w":26,"h":33},
	"sourceSize": {"w":60,"h":60}
},
"woman_walk_def_NE_0018.png":
{
	"frame": {"x":1856,"y":1,"w":25,"h":33},
	"rotated": false,
	"trimmed": true,
	"spriteSourceSize": {"x":22,"y":10,"w":25,"h":33},
	"sourceSize": {"w":60,"h":60}
},
"woman_walk_def_NE_0019.png":
{
	"frame": {"x":1883,"y":1,"w":25,"h":33},
	"rotated": false,
	"trimmed": true,
	"spriteSourceSize": {"x":22,"y":10,"w":25,"h":33},
	"sourceSize": {"w":60,"h":60}
},
"woman_walk_def_NE_0020.png":
{
	"frame": {"x":1910,"y":1,"w":24,"h":33},
	"rotated": false,
	"trimmed": true,
	"spriteSourceSize": {"x":23,"y":10,"w":24,"h":33},
	"sourceSize": {"w":60,"h":60}
},
"woman_walk_def_NE_0021.png":
{
	"frame": {"x":1936,"y":1,"w":24,"h":33},
	"rotated": false,
	"trimmed": true,
	"spriteSourceSize": {"x":23,"y":10,"w":24,"h":33},
	"sourceSize": {"w":60,"h":60}
},
"woman_walk_def_NE_0022.png":
{
	"frame": {"x":1962,"y":1,"w":23,"h":33},
	"rotated": false,
	"trimmed": true,
	"spriteSourceSize": {"x":24,"y":10,"w":23,"h":33},
	"sourceSize": {"w":60,"h":60}
},
"woman_walk_def_NE_0023.png":
{
	"frame": {"x":1987,"y":1,"w":23,"h":33},
	"rotated": false,
	"trimmed": true,
	"spriteSourceSize": {"x":23,"y":10,"w":23,"h":33},
	"sourceSize": {"w":60,"h":60}
},
"woman_walk_def_NE_0024.png":
{
	"frame": {"x":2012,"y":1,"w":24,"h":33},
	"rotated": false,
	"trimmed": true,
	"spriteSourceSize": {"x":23,"y":10,"w":24,"h":33},
	"sourceSize": {"w":60,"h":60}
},
"woman_walk_def_NE_0025.png":
{
	"frame": {"x":1,"y":35,"w":23,"h":33},
	"rotated": false,
	"trimmed": true,
	"spriteSourceSize": {"x":23,"y":10,"w":23,"h":33},
	"sourceSize": {"w":60,"h":60}
},
"woman_walk_def_NE_0026.png":
{
	"frame": {"x":26,"y":35,"w":24,"h":33},
	"rotated": false,
	"trimmed": true,
	"spriteSourceSize": {"x":22,"y":10,"w":24,"h":33},
	"sourceSize": {"w":60,"h":60}
},
"woman_walk_def_NE_0027.png":
{
	"frame": {"x":259,"y":106,"w":25,"h":35},
	"rotated": false,
	"trimmed": true,
	"spriteSourceSize": {"x":22,"y":9,"w":25,"h":35},
	"sourceSize": {"w":60,"h":60}
},
"woman_walk_def_NE_0028.png":
{
	"frame": {"x":286,"y":106,"w":24,"h":35},
	"rotated": false,
	"trimmed": true,
	"spriteSourceSize": {"x":22,"y":9,"w":24,"h":35},
	"sourceSize": {"w":60,"h":60}
},
"woman_walk_def_NE_0029.png":
{
	"frame": {"x":312,"y":106,"w":24,"h":35},
	"rotated": false,
	"trimmed": true,
	"spriteSourceSize": {"x":22,"y":9,"w":24,"h":35},
	"sourceSize": {"w":60,"h":60}
},
"woman_walk_def_NE_0030.png":
{
	"frame": {"x":191,"y":70,"w":24,"h":34},
	"rotated": false,
	"trimmed": true,
	"spriteSourceSize": {"x":22,"y":10,"w":24,"h":34},
	"sourceSize": {"w":60,"h":60}
},
"woman_walk_def_NE_0031.png":
{
	"frame": {"x":217,"y":70,"w":25,"h":34},
	"rotated": false,
	"trimmed": true,
	"spriteSourceSize": {"x":22,"y":10,"w":25,"h":34},
	"sourceSize": {"w":60,"h":60}
},
"woman_walk_def_NE_0032.png":
{
	"frame": {"x":244,"y":70,"w":24,"h":34},
	"rotated": false,
	"trimmed": true,
	"spriteSourceSize": {"x":22,"y":10,"w":24,"h":34},
	"sourceSize": {"w":60,"h":60}
},
"woman_walk_def_NE_0033.png":
{
	"frame": {"x":270,"y":70,"w":24,"h":34},
	"rotated": false,
	"trimmed": true,
	"spriteSourceSize": {"x":22,"y":10,"w":24,"h":34},
	"sourceSize": {"w":60,"h":60}
},
"woman_walk_def_NE_0034.png":
{
	"frame": {"x":296,"y":70,"w":24,"h":34},
	"rotated": false,
	"trimmed": true,
	"spriteSourceSize": {"x":22,"y":10,"w":24,"h":34},
	"sourceSize": {"w":60,"h":60}
},
"woman_walk_def_NE_0035.png":
{
	"frame": {"x":322,"y":70,"w":23,"h":34},
	"rotated": false,
	"trimmed": true,
	"spriteSourceSize": {"x":23,"y":10,"w":23,"h":34},
	"sourceSize": {"w":60,"h":60}
},
"woman_walk_def_NE_0036.png":
{
	"frame": {"x":347,"y":70,"w":24,"h":34},
	"rotated": false,
	"trimmed": true,
	"spriteSourceSize": {"x":23,"y":10,"w":24,"h":34},
	"sourceSize": {"w":60,"h":60}
},
"woman_walk_def_NE_0037.png":
{
	"frame": {"x":373,"y":70,"w":24,"h":34},
	"rotated": false,
	"trimmed": true,
	"spriteSourceSize": {"x":23,"y":10,"w":24,"h":34},
	"sourceSize": {"w":60,"h":60}
},
"woman_walk_def_NE_0038.png":
{
	"frame": {"x":399,"y":70,"w":22,"h":34},
	"rotated": false,
	"trimmed": true,
	"spriteSourceSize": {"x":24,"y":10,"w":22,"h":34},
	"sourceSize": {"w":60,"h":60}
},
"woman_walk_def_NE_0039.png":
{
	"frame": {"x":52,"y":35,"w":22,"h":33},
	"rotated": false,
	"trimmed": true,
	"spriteSourceSize": {"x":24,"y":10,"w":22,"h":33},
	"sourceSize": {"w":60,"h":60}
},
"woman_walk_def_NW_0000.png":
{
	"frame": {"x":76,"y":35,"w":23,"h":33},
	"rotated": false,
	"trimmed": true,
	"spriteSourceSize": {"x":26,"y":10,"w":23,"h":33},
	"sourceSize": {"w":60,"h":60}
},
"woman_walk_def_NW_0001.png":
{
	"frame": {"x":428,"y":1,"w":23,"h":32},
	"rotated": false,
	"trimmed": true,
	"spriteSourceSize": {"x":26,"y":10,"w":23,"h":32},
	"sourceSize": {"w":60,"h":60}
},
"woman_walk_def_NW_0002.png":
{
	"frame": {"x":101,"y":35,"w":23,"h":33},
	"rotated": false,
	"trimmed": true,
	"spriteSourceSize": {"x":26,"y":9,"w":23,"h":33},
	"sourceSize": {"w":60,"h":60}
},
"woman_walk_def_NW_0003.png":
{
	"frame": {"x":423,"y":70,"w":23,"h":34},
	"rotated": false,
	"trimmed": true,
	"spriteSourceSize": {"x":26,"y":9,"w":23,"h":34},
	"sourceSize": {"w":60,"h":60}
},
"woman_walk_def_NW_0004.png":
{
	"frame": {"x":448,"y":70,"w":23,"h":34},
	"rotated": false,
	"trimmed": true,
	"spriteSourceSize": {"x":26,"y":9,"w":23,"h":34},
	"sourceSize": {"w":60,"h":60}
},
"woman_walk_def_NW_0005.png":
{
	"frame": {"x":473,"y":70,"w":24,"h":34},
	"rotated": false,
	"trimmed": true,
	"spriteSourceSize": {"x":25,"y":9,"w":24,"h":34},
	"sourceSize": {"w":60,"h":60}
},
"woman_walk_def_NW_0006.png":
{
	"frame": {"x":499,"y":70,"w":25,"h":34},
	"rotated": false,
	"trimmed": true,
	"spriteSourceSize": {"x":24,"y":9,"w":25,"h":34},
	"sourceSize": {"w":60,"h":60}
},
"woman_walk_def_NW_0007.png":
{
	"frame": {"x":526,"y":70,"w":25,"h":34},
	"rotated": false,
	"trimmed": true,
	"spriteSourceSize": {"x":24,"y":9,"w":25,"h":34},
	"sourceSize": {"w":60,"h":60}
},
"woman_walk_def_NW_0008.png":
{
	"frame": {"x":553,"y":70,"w":26,"h":34},
	"rotated": false,
	"trimmed": true,
	"spriteSourceSize": {"x":23,"y":9,"w":26,"h":34},
	"sourceSize": {"w":60,"h":60}
},
"woman_walk_def_NW_0009.png":
{
	"frame": {"x":338,"y":106,"w":26,"h":35},
	"rotated": false,
	"trimmed": true,
	"spriteSourceSize": {"x":23,"y":9,"w":26,"h":35},
	"sourceSize": {"w":60,"h":60}
},
"woman_walk_def_NW_0010.png":
{
	"frame": {"x":366,"y":106,"w":25,"h":35},
	"rotated": false,
	"trimmed": true,
	"spriteSourceSize": {"x":24,"y":9,"w":25,"h":35},
	"sourceSize": {"w":60,"h":60}
},
"woman_walk_def_NW_0011.png":
{
	"frame": {"x":393,"y":106,"w":24,"h":35},
	"rotated": false,
	"trimmed": true,
	"spriteSourceSize": {"x":24,"y":9,"w":24,"h":35},
	"sourceSize": {"w":60,"h":60}
},
"woman_walk_def_NW_0012.png":
{
	"frame": {"x":419,"y":106,"w":23,"h":35},
	"rotated": false,
	"trimmed": true,
	"spriteSourceSize": {"x":25,"y":9,"w":23,"h":35},
	"sourceSize": {"w":60,"h":60}
},
"woman_walk_def_NW_0013.png":
{
	"frame": {"x":444,"y":106,"w":24,"h":35},
	"rotated": false,
	"trimmed": true,
	"spriteSourceSize": {"x":25,"y":9,"w":24,"h":35},
	"sourceSize": {"w":60,"h":60}
},
"woman_walk_def_NW_0014.png":
{
	"frame": {"x":470,"y":106,"w":23,"h":35},
	"rotated": false,
	"trimmed": true,
	"spriteSourceSize": {"x":26,"y":9,"w":23,"h":35},
	"sourceSize": {"w":60,"h":60}
},
"woman_walk_def_NW_0015.png":
{
	"frame": {"x":581,"y":70,"w":23,"h":34},
	"rotated": false,
	"trimmed": true,
	"spriteSourceSize": {"x":26,"y":9,"w":23,"h":34},
	"sourceSize": {"w":60,"h":60}
},
"woman_walk_def_NW_0016.png":
{
	"frame": {"x":606,"y":70,"w":22,"h":34},
	"rotated": false,
	"trimmed": true,
	"spriteSourceSize": {"x":27,"y":9,"w":22,"h":34},
	"sourceSize": {"w":60,"h":60}
},
"woman_walk_def_NW_0017.png":
{
	"frame": {"x":630,"y":70,"w":23,"h":34},
	"rotated": false,
	"trimmed": true,
	"spriteSourceSize": {"x":27,"y":9,"w":23,"h":34},
	"sourceSize": {"w":60,"h":60}
},
"woman_walk_def_NW_0018.png":
{
	"frame": {"x":126,"y":35,"w":21,"h":33},
	"rotated": false,
	"trimmed": true,
	"spriteSourceSize": {"x":28,"y":10,"w":21,"h":33},
	"sourceSize": {"w":60,"h":60}
},
"woman_walk_def_NW_0019.png":
{
	"frame": {"x":149,"y":35,"w":21,"h":33},
	"rotated": false,
	"trimmed": true,
	"spriteSourceSize": {"x":28,"y":10,"w":21,"h":33},
	"sourceSize": {"w":60,"h":60}
},
"woman_walk_def_NW_0020.png":
{
	"frame": {"x":172,"y":35,"w":21,"h":33},
	"rotated": false,
	"trimmed": true,
	"spriteSourceSize": {"x":28,"y":10,"w":21,"h":33},
	"sourceSize": {"w":60,"h":60}
},
"woman_walk_def_NW_0021.png":
{
	"frame": {"x":195,"y":35,"w":21,"h":33},
	"rotated": false,
	"trimmed": true,
	"spriteSourceSize": {"x":28,"y":10,"w":21,"h":33},
	"sourceSize": {"w":60,"h":60}
},
"woman_walk_def_NW_0022.png":
{
	"frame": {"x":655,"y":70,"w":22,"h":34},
	"rotated": false,
	"trimmed": true,
	"spriteSourceSize": {"x":28,"y":9,"w":22,"h":34},
	"sourceSize": {"w":60,"h":60}
},
"woman_walk_def_NW_0023.png":
{
	"frame": {"x":679,"y":70,"w":22,"h":34},
	"rotated": false,
	"trimmed": true,
	"spriteSourceSize": {"x":27,"y":9,"w":22,"h":34},
	"sourceSize": {"w":60,"h":60}
},
"woman_walk_def_NW_0024.png":
{
	"frame": {"x":495,"y":106,"w":22,"h":35},
	"rotated": false,
	"trimmed": true,
	"spriteSourceSize": {"x":27,"y":9,"w":22,"h":35},
	"sourceSize": {"w":60,"h":60}
},
"woman_walk_def_NW_0025.png":
{
	"frame": {"x":519,"y":106,"w":23,"h":35},
	"rotated": false,
	"trimmed": true,
	"spriteSourceSize": {"x":26,"y":9,"w":23,"h":35},
	"sourceSize": {"w":60,"h":60}
},
"woman_walk_def_NW_0026.png":
{
	"frame": {"x":544,"y":106,"w":24,"h":35},
	"rotated": false,
	"trimmed": true,
	"spriteSourceSize": {"x":25,"y":9,"w":24,"h":35},
	"sourceSize": {"w":60,"h":60}
},
"woman_walk_def_NW_0027.png":
{
	"frame": {"x":570,"y":106,"w":24,"h":35},
	"rotated": false,
	"trimmed": true,
	"spriteSourceSize": {"x":25,"y":9,"w":24,"h":35},
	"sourceSize": {"w":60,"h":60}
},
"woman_walk_def_NW_0028.png":
{
	"frame": {"x":596,"y":106,"w":24,"h":35},
	"rotated": false,
	"trimmed": true,
	"spriteSourceSize": {"x":25,"y":9,"w":24,"h":35},
	"sourceSize": {"w":60,"h":60}
},
"woman_walk_def_NW_0029.png":
{
	"frame": {"x":622,"y":106,"w":24,"h":35},
	"rotated": false,
	"trimmed": true,
	"spriteSourceSize": {"x":25,"y":9,"w":24,"h":35},
	"sourceSize": {"w":60,"h":60}
},
"woman_walk_def_NW_0030.png":
{
	"frame": {"x":648,"y":106,"w":24,"h":35},
	"rotated": false,
	"trimmed": true,
	"spriteSourceSize": {"x":25,"y":9,"w":24,"h":35},
	"sourceSize": {"w":60,"h":60}
},
"woman_walk_def_NW_0031.png":
{
	"frame": {"x":674,"y":106,"w":23,"h":35},
	"rotated": false,
	"trimmed": true,
	"spriteSourceSize": {"x":25,"y":9,"w":23,"h":35},
	"sourceSize": {"w":60,"h":60}
},
"woman_walk_def_NW_0032.png":
{
	"frame": {"x":699,"y":106,"w":23,"h":35},
	"rotated": false,
	"trimmed": true,
	"spriteSourceSize": {"x":26,"y":9,"w":23,"h":35},
	"sourceSize": {"w":60,"h":60}
},
"woman_walk_def_NW_0033.png":
{
	"frame": {"x":724,"y":106,"w":23,"h":35},
	"rotated": false,
	"trimmed": true,
	"spriteSourceSize": {"x":26,"y":9,"w":23,"h":35},
	"sourceSize": {"w":60,"h":60}
},
"woman_walk_def_NW_0034.png":
{
	"frame": {"x":749,"y":106,"w":23,"h":35},
	"rotated": false,
	"trimmed": true,
	"spriteSourceSize": {"x":26,"y":9,"w":23,"h":35},
	"sourceSize": {"w":60,"h":60}
},
"woman_walk_def_NW_0035.png":
{
	"frame": {"x":703,"y":70,"w":23,"h":34},
	"rotated": false,
	"trimmed": true,
	"spriteSourceSize": {"x":26,"y":9,"w":23,"h":34},
	"sourceSize": {"w":60,"h":60}
},
"woman_walk_def_NW_0036.png":
{
	"frame": {"x":728,"y":70,"w":23,"h":34},
	"rotated": false,
	"trimmed": true,
	"spriteSourceSize": {"x":26,"y":9,"w":23,"h":34},
	"sourceSize": {"w":60,"h":60}
},
"woman_walk_def_NW_0037.png":
{
	"frame": {"x":753,"y":70,"w":23,"h":34},
	"rotated": false,
	"trimmed": true,
	"spriteSourceSize": {"x":26,"y":9,"w":23,"h":34},
	"sourceSize": {"w":60,"h":60}
},
"woman_walk_def_NW_0038.png":
{
	"frame": {"x":218,"y":35,"w":23,"h":33},
	"rotated": false,
	"trimmed": true,
	"spriteSourceSize": {"x":26,"y":10,"w":23,"h":33},
	"sourceSize": {"w":60,"h":60}
},
"woman_walk_def_NW_0039.png":
{
	"frame": {"x":243,"y":35,"w":23,"h":33},
	"rotated": false,
	"trimmed": true,
	"spriteSourceSize": {"x":26,"y":10,"w":23,"h":33},
	"sourceSize": {"w":60,"h":60}
},
"woman_walk_def_S_0000.png":
{
	"frame": {"x":1126,"y":36,"w":24,"h":33},
	"rotated": false,
	"trimmed": true,
	"spriteSourceSize": {"x":23,"y":8,"w":24,"h":33},
	"sourceSize": {"w":60,"h":60}
},
"woman_walk_def_S_0001.png":
{
	"frame": {"x":1152,"y":36,"w":23,"h":33},
	"rotated": false,
	"trimmed": true,
	"spriteSourceSize": {"x":23,"y":8,"w":23,"h":33},
	"sourceSize": {"w":60,"h":60}
},
"woman_walk_def_S_0002.png":
{
	"frame": {"x":1177,"y":36,"w":24,"h":33},
	"rotated": false,
	"trimmed": true,
	"spriteSourceSize": {"x":23,"y":8,"w":24,"h":33},
	"sourceSize": {"w":60,"h":60}
},
"woman_walk_def_S_0003.png":
{
	"frame": {"x":1203,"y":36,"w":23,"h":33},
	"rotated": false,
	"trimmed": true,
	"spriteSourceSize": {"x":23,"y":8,"w":23,"h":33},
	"sourceSize": {"w":60,"h":60}
},
"woman_walk_def_S_0004.png":
{
	"frame": {"x":1893,"y":71,"w":23,"h":34},
	"rotated": false,
	"trimmed": true,
	"spriteSourceSize": {"x":23,"y":8,"w":23,"h":34},
	"sourceSize": {"w":60,"h":60}
},
"woman_walk_def_S_0005.png":
{
	"frame": {"x":1918,"y":71,"w":22,"h":34},
	"rotated": false,
	"trimmed": true,
	"spriteSourceSize": {"x":24,"y":8,"w":22,"h":34},
	"sourceSize": {"w":60,"h":60}
},
"woman_walk_def_S_0006.png":
{
	"frame": {"x":1520,"y":107,"w":23,"h":35},
	"rotated": false,
	"trimmed": true,
	"spriteSourceSize": {"x":24,"y":8,"w":23,"h":35},
	"sourceSize": {"w":60,"h":60}
},
"woman_walk_def_S_0007.png":
{
	"frame": {"x":1545,"y":107,"w":23,"h":35},
	"rotated": false,
	"trimmed": true,
	"spriteSourceSize": {"x":24,"y":8,"w":23,"h":35},
	"sourceSize": {"w":60,"h":60}
},
"woman_walk_def_S_0008.png":
{
	"frame": {"x":1891,"y":107,"w":23,"h":36},
	"rotated": false,
	"trimmed": true,
	"spriteSourceSize": {"x":24,"y":8,"w":23,"h":36},
	"sourceSize": {"w":60,"h":60}
},
"woman_walk_def_S_0009.png":
{
	"frame": {"x":1916,"y":107,"w":22,"h":36},
	"rotated": false,
	"trimmed": true,
	"spriteSourceSize": {"x":25,"y":8,"w":22,"h":36},
	"sourceSize": {"w":60,"h":60}
},
"woman_walk_def_S_0010.png":
{
	"frame": {"x":1940,"y":107,"w":22,"h":36},
	"rotated": false,
	"trimmed": true,
	"spriteSourceSize": {"x":25,"y":8,"w":22,"h":36},
	"sourceSize": {"w":60,"h":60}
},
"woman_walk_def_S_0011.png":
{
	"frame": {"x":1570,"y":107,"w":22,"h":35},
	"rotated": false,
	"trimmed": true,
	"spriteSourceSize": {"x":25,"y":8,"w":22,"h":35},
	"sourceSize": {"w":60,"h":60}
},
"woman_walk_def_S_0012.png":
{
	"frame": {"x":1594,"y":107,"w":22,"h":35},
	"rotated": false,
	"trimmed": true,
	"spriteSourceSize": {"x":25,"y":8,"w":22,"h":35},
	"sourceSize": {"w":60,"h":60}
},
"woman_walk_def_S_0013.png":
{
	"frame": {"x":1618,"y":107,"w":22,"h":35},
	"rotated": false,
	"trimmed": true,
	"spriteSourceSize": {"x":25,"y":8,"w":22,"h":35},
	"sourceSize": {"w":60,"h":60}
},
"woman_walk_def_S_0014.png":
{
	"frame": {"x":1942,"y":71,"w":22,"h":34},
	"rotated": false,
	"trimmed": true,
	"spriteSourceSize": {"x":25,"y":8,"w":22,"h":34},
	"sourceSize": {"w":60,"h":60}
},
"woman_walk_def_S_0015.png":
{
	"frame": {"x":1966,"y":71,"w":22,"h":34},
	"rotated": false,
	"trimmed": true,
	"spriteSourceSize": {"x":24,"y":8,"w":22,"h":34},
	"sourceSize": {"w":60,"h":60}
},
"woman_walk_def_S_0016.png":
{
	"frame": {"x":1228,"y":36,"w":22,"h":33},
	"rotated": false,
	"trimmed": true,
	"spriteSourceSize": {"x":24,"y":8,"w":22,"h":33},
	"sourceSize": {"w":60,"h":60}
},
"woman_walk_def_S_0017.png":
{
	"frame": {"x":1252,"y":36,"w":22,"h":33},
	"rotated": false,
	"trimmed": true,
	"spriteSourceSize": {"x":24,"y":8,"w":22,"h":33},
	"sourceSize": {"w":60,"h":60}
},
"woman_walk_def_S_0018.png":
{
	"frame": {"x":627,"y":1,"w":22,"h":32},
	"rotated": false,
	"trimmed": true,
	"spriteSourceSize": {"x":24,"y":8,"w":22,"h":32},
	"sourceSize": {"w":60,"h":60}
},
"woman_walk_def_S_0019.png":
{
	"frame": {"x":651,"y":1,"w":23,"h":32},
	"rotated": false,
	"trimmed": true,
	"spriteSourceSize": {"x":24,"y":8,"w":23,"h":32},
	"sourceSize": {"w":60,"h":60}
},
"woman_walk_def_S_0020.png":
{
	"frame": {"x":676,"y":1,"w":24,"h":32},
	"rotated": false,
	"trimmed": true,
	"spriteSourceSize": {"x":23,"y":8,"w":24,"h":32},
	"sourceSize": {"w":60,"h":60}
},
"woman_walk_def_S_0021.png":
{
	"frame": {"x":1276,"y":36,"w":23,"h":33},
	"rotated": false,
	"trimmed": true,
	"spriteSourceSize": {"x":23,"y":8,"w":23,"h":33},
	"sourceSize": {"w":60,"h":60}
},
"woman_walk_def_S_0022.png":
{
	"frame": {"x":1301,"y":36,"w":24,"h":33},
	"rotated": false,
	"trimmed": true,
	"spriteSourceSize": {"x":23,"y":8,"w":24,"h":33},
	"sourceSize": {"w":60,"h":60}
},
"woman_walk_def_S_0023.png":
{
	"frame": {"x":1327,"y":36,"w":22,"h":33},
	"rotated": false,
	"trimmed": true,
	"spriteSourceSize": {"x":24,"y":8,"w":22,"h":33},
	"sourceSize": {"w":60,"h":60}
},
"woman_walk_def_S_0024.png":
{
	"frame": {"x":1990,"y":71,"w":22,"h":34},
	"rotated": false,
	"trimmed": true,
	"spriteSourceSize": {"x":24,"y":8,"w":22,"h":34},
	"sourceSize": {"w":60,"h":60}
},
"woman_walk_def_S_0025.png":
{
	"frame": {"x":1642,"y":107,"w":24,"h":35},
	"rotated": false,
	"trimmed": true,
	"spriteSourceSize": {"x":24,"y":8,"w":24,"h":35},
	"sourceSize": {"w":60,"h":60}
},
"woman_walk_def_S_0026.png":
{
	"frame": {"x":1668,"y":107,"w":23,"h":35},
	"rotated": false,
	"trimmed": true,
	"spriteSourceSize": {"x":24,"y":8,"w":23,"h":35},
	"sourceSize": {"w":60,"h":60}
},
"woman_walk_def_S_0027.png":
{
	"frame": {"x":1964,"y":107,"w":23,"h":36},
	"rotated": false,
	"trimmed": true,
	"spriteSourceSize": {"x":24,"y":8,"w":23,"h":36},
	"sourceSize": {"w":60,"h":60}
},
"woman_walk_def_S_0028.png":
{
	"frame": {"x":1989,"y":107,"w":22,"h":36},
	"rotated": false,
	"trimmed": true,
	"spriteSourceSize": {"x":24,"y":8,"w":22,"h":36},
	"sourceSize": {"w":60,"h":60}
},
"woman_walk_def_S_0029.png":
{
	"frame": {"x":2013,"y":107,"w":23,"h":36},
	"rotated": false,
	"trimmed": true,
	"spriteSourceSize": {"x":24,"y":8,"w":23,"h":36},
	"sourceSize": {"w":60,"h":60}
},
"woman_walk_def_S_0030.png":
{
	"frame": {"x":1693,"y":107,"w":23,"h":35},
	"rotated": false,
	"trimmed": true,
	"spriteSourceSize": {"x":24,"y":8,"w":23,"h":35},
	"sourceSize": {"w":60,"h":60}
},
"woman_walk_def_S_0031.png":
{
	"frame": {"x":1718,"y":107,"w":23,"h":35},
	"rotated": false,
	"trimmed": true,
	"spriteSourceSize": {"x":24,"y":8,"w":23,"h":35},
	"sourceSize": {"w":60,"h":60}
},
"woman_walk_def_S_0032.png":
{
	"frame": {"x":1743,"y":107,"w":23,"h":35},
	"rotated": false,
	"trimmed": true,
	"spriteSourceSize": {"x":24,"y":8,"w":23,"h":35},
	"sourceSize": {"w":60,"h":60}
},
"woman_walk_def_S_0033.png":
{
	"frame": {"x":1768,"y":107,"w":23,"h":35},
	"rotated": false,
	"trimmed": true,
	"spriteSourceSize": {"x":24,"y":8,"w":23,"h":35},
	"sourceSize": {"w":60,"h":60}
},
"woman_walk_def_S_0034.png":
{
	"frame": {"x":2014,"y":71,"w":23,"h":34},
	"rotated": false,
	"trimmed": true,
	"spriteSourceSize": {"x":24,"y":8,"w":23,"h":34},
	"sourceSize": {"w":60,"h":60}
},
"woman_walk_def_S_0035.png":
{
	"frame": {"x":1,"y":105,"w":23,"h":34},
	"rotated": false,
	"trimmed": true,
	"spriteSourceSize": {"x":23,"y":8,"w":23,"h":34},
	"sourceSize": {"w":60,"h":60}
},
"woman_walk_def_S_0036.png":
{
	"frame": {"x":26,"y":105,"w":23,"h":34},
	"rotated": false,
	"trimmed": true,
	"spriteSourceSize": {"x":23,"y":8,"w":23,"h":34},
	"sourceSize": {"w":60,"h":60}
},
"woman_walk_def_S_0037.png":
{
	"frame": {"x":1351,"y":36,"w":23,"h":33},
	"rotated": false,
	"trimmed": true,
	"spriteSourceSize": {"x":23,"y":8,"w":23,"h":33},
	"sourceSize": {"w":60,"h":60}
},
"woman_walk_def_S_0038.png":
{
	"frame": {"x":1376,"y":36,"w":23,"h":33},
	"rotated": false,
	"trimmed": true,
	"spriteSourceSize": {"x":23,"y":8,"w":23,"h":33},
	"sourceSize": {"w":60,"h":60}
},
"woman_walk_def_S_0039.png":
{
	"frame": {"x":1401,"y":36,"w":24,"h":33},
	"rotated": false,
	"trimmed": true,
	"spriteSourceSize": {"x":23,"y":8,"w":24,"h":33},
	"sourceSize": {"w":60,"h":60}
},
"woman_walk_def_SE_0000.png":
{
	"frame": {"x":388,"y":35,"w":23,"h":33},
	"rotated": false,
	"trimmed": true,
	"spriteSourceSize": {"x":22,"y":8,"w":23,"h":33},
	"sourceSize": {"w":60,"h":60}
},
"woman_walk_def_SE_0001.png":
{
	"frame": {"x":453,"y":1,"w":23,"h":32},
	"rotated": false,
	"trimmed": true,
	"spriteSourceSize": {"x":22,"y":8,"w":23,"h":32},
	"sourceSize": {"w":60,"h":60}
},
"woman_walk_def_SE_0002.png":
{
	"frame": {"x":478,"y":1,"w":23,"h":32},
	"rotated": false,
	"trimmed": true,
	"spriteSourceSize": {"x":22,"y":8,"w":23,"h":32},
	"sourceSize": {"w":60,"h":60}
},
"woman_walk_def_SE_0003.png":
{
	"frame": {"x":503,"y":1,"w":23,"h":32},
	"rotated": false,
	"trimmed": true,
	"spriteSourceSize": {"x":22,"y":8,"w":23,"h":32},
	"sourceSize": {"w":60,"h":60}
},
"woman_walk_def_SE_0004.png":
{
	"frame": {"x":413,"y":35,"w":23,"h":33},
	"rotated": false,
	"trimmed": true,
	"spriteSourceSize": {"x":23,"y":8,"w":23,"h":33},
	"sourceSize": {"w":60,"h":60}
},
"woman_walk_def_SE_0005.png":
{
	"frame": {"x":438,"y":35,"w":22,"h":33},
	"rotated": false,
	"trimmed": true,
	"spriteSourceSize": {"x":23,"y":8,"w":22,"h":33},
	"sourceSize": {"w":60,"h":60}
},
"woman_walk_def_SE_0006.png":
{
	"frame": {"x":1139,"y":71,"w":23,"h":34},
	"rotated": false,
	"trimmed": true,
	"spriteSourceSize": {"x":23,"y":8,"w":23,"h":34},
	"sourceSize": {"w":60,"h":60}
},
"woman_walk_def_SE_0007.png":
{
	"frame": {"x":1164,"y":71,"w":23,"h":34},
	"rotated": false,
	"trimmed": true,
	"spriteSourceSize": {"x":23,"y":8,"w":23,"h":34},
	"sourceSize": {"w":60,"h":60}
},
"woman_walk_def_SE_0008.png":
{
	"frame": {"x":1189,"y":71,"w":24,"h":34},
	"rotated": false,
	"trimmed": true,
	"spriteSourceSize": {"x":22,"y":8,"w":24,"h":34},
	"sourceSize": {"w":60,"h":60}
},
"woman_walk_def_SE_0009.png":
{
	"frame": {"x":1215,"y":71,"w":24,"h":34},
	"rotated": false,
	"trimmed": true,
	"spriteSourceSize": {"x":22,"y":8,"w":24,"h":34},
	"sourceSize": {"w":60,"h":60}
},
"woman_walk_def_SE_0010.png":
{
	"frame": {"x":1241,"y":71,"w":24,"h":34},
	"rotated": false,
	"trimmed": true,
	"spriteSourceSize": {"x":22,"y":8,"w":24,"h":34},
	"sourceSize": {"w":60,"h":60}
},
"woman_walk_def_SE_0011.png":
{
	"frame": {"x":1267,"y":71,"w":25,"h":34},
	"rotated": false,
	"trimmed": true,
	"spriteSourceSize": {"x":21,"y":8,"w":25,"h":34},
	"sourceSize": {"w":60,"h":60}
},
"woman_walk_def_SE_0012.png":
{
	"frame": {"x":1294,"y":71,"w":25,"h":34},
	"rotated": false,
	"trimmed": true,
	"spriteSourceSize": {"x":21,"y":8,"w":25,"h":34},
	"sourceSize": {"w":60,"h":60}
},
"woman_walk_def_SE_0013.png":
{
	"frame": {"x":1321,"y":71,"w":25,"h":34},
	"rotated": false,
	"trimmed": true,
	"spriteSourceSize": {"x":21,"y":8,"w":25,"h":34},
	"sourceSize": {"w":60,"h":60}
},
"woman_walk_def_SE_0014.png":
{
	"frame": {"x":462,"y":35,"w":25,"h":33},
	"rotated": false,
	"trimmed": true,
	"spriteSourceSize": {"x":21,"y":8,"w":25,"h":33},
	"sourceSize": {"w":60,"h":60}
},
"woman_walk_def_SE_0015.png":
{
	"frame": {"x":489,"y":35,"w":24,"h":33},
	"rotated": false,
	"trimmed": true,
	"spriteSourceSize": {"x":22,"y":8,"w":24,"h":33},
	"sourceSize": {"w":60,"h":60}
},
"woman_walk_def_SE_0016.png":
{
	"frame": {"x":515,"y":35,"w":23,"h":33},
	"rotated": false,
	"trimmed": true,
	"spriteSourceSize": {"x":22,"y":8,"w":23,"h":33},
	"sourceSize": {"w":60,"h":60}
},
"woman_walk_def_SE_0017.png":
{
	"frame": {"x":540,"y":35,"w":22,"h":33},
	"rotated": false,
	"trimmed": true,
	"spriteSourceSize": {"x":23,"y":8,"w":22,"h":33},
	"sourceSize": {"w":60,"h":60}
},
"woman_walk_def_SE_0018.png":
{
	"frame": {"x":564,"y":35,"w":22,"h":33},
	"rotated": false,
	"trimmed": true,
	"spriteSourceSize": {"x":23,"y":8,"w":22,"h":33},
	"sourceSize": {"w":60,"h":60}
},
"woman_walk_def_SE_0019.png":
{
	"frame": {"x":588,"y":35,"w":22,"h":33},
	"rotated": false,
	"trimmed": true,
	"spriteSourceSize": {"x":23,"y":8,"w":22,"h":33},
	"sourceSize": {"w":60,"h":60}
},
"woman_walk_def_SE_0020.png":
{
	"frame": {"x":612,"y":35,"w":22,"h":33},
	"rotated": false,
	"trimmed": true,
	"spriteSourceSize": {"x":23,"y":8,"w":22,"h":33},
	"sourceSize": {"w":60,"h":60}
},
"woman_walk_def_SE_0021.png":
{
	"frame": {"x":636,"y":35,"w":22,"h":33},
	"rotated": false,
	"trimmed": true,
	"spriteSourceSize": {"x":23,"y":8,"w":22,"h":33},
	"sourceSize": {"w":60,"h":60}
},
"woman_walk_def_SE_0022.png":
{
	"frame": {"x":660,"y":35,"w":23,"h":33},
	"rotated": false,
	"trimmed": true,
	"spriteSourceSize": {"x":22,"y":8,"w":23,"h":33},
	"sourceSize": {"w":60,"h":60}
},
"woman_walk_def_SE_0023.png":
{
	"frame": {"x":685,"y":35,"w":23,"h":33},
	"rotated": false,
	"trimmed": true,
	"spriteSourceSize": {"x":22,"y":8,"w":23,"h":33},
	"sourceSize": {"w":60,"h":60}
},
"woman_walk_def_SE_0024.png":
{
	"frame": {"x":1348,"y":71,"w":23,"h":34},
	"rotated": false,
	"trimmed": true,
	"spriteSourceSize": {"x":22,"y":8,"w":23,"h":34},
	"sourceSize": {"w":60,"h":60}
},
"woman_walk_def_SE_0025.png":
{
	"frame": {"x":1373,"y":71,"w":24,"h":34},
	"rotated": false,
	"trimmed": true,
	"spriteSourceSize": {"x":22,"y":8,"w":24,"h":34},
	"sourceSize": {"w":60,"h":60}
},
"woman_walk_def_SE_0026.png":
{
	"frame": {"x":1160,"y":107,"w":24,"h":35},
	"rotated": false,
	"trimmed": true,
	"spriteSourceSize": {"x":22,"y":8,"w":24,"h":35},
	"sourceSize": {"w":60,"h":60}
},
"woman_walk_def_SE_0027.png":
{
	"frame": {"x":1186,"y":107,"w":24,"h":35},
	"rotated": false,
	"trimmed": true,
	"spriteSourceSize": {"x":22,"y":8,"w":24,"h":35},
	"sourceSize": {"w":60,"h":60}
},
"woman_walk_def_SE_0028.png":
{
	"frame": {"x":1212,"y":107,"w":24,"h":35},
	"rotated": false,
	"trimmed": true,
	"spriteSourceSize": {"x":22,"y":8,"w":24,"h":35},
	"sourceSize": {"w":60,"h":60}
},
"woman_walk_def_SE_0029.png":
{
	"frame": {"x":1238,"y":107,"w":24,"h":35},
	"rotated": false,
	"trimmed": true,
	"spriteSourceSize": {"x":22,"y":8,"w":24,"h":35},
	"sourceSize": {"w":60,"h":60}
},
"woman_walk_def_SE_0030.png":
{
	"frame": {"x":1264,"y":107,"w":24,"h":35},
	"rotated": false,
	"trimmed": true,
	"spriteSourceSize": {"x":22,"y":8,"w":24,"h":35},
	"sourceSize": {"w":60,"h":60}
},
"woman_walk_def_SE_0031.png":
{
	"frame": {"x":1290,"y":107,"w":25,"h":35},
	"rotated": false,
	"trimmed": true,
	"spriteSourceSize": {"x":21,"y":8,"w":25,"h":35},
	"sourceSize": {"w":60,"h":60}
},
"woman_walk_def_SE_0032.png":
{
	"frame": {"x":1399,"y":71,"w":26,"h":34},
	"rotated": false,
	"trimmed": true,
	"spriteSourceSize": {"x":21,"y":9,"w":26,"h":34},
	"sourceSize": {"w":60,"h":60}
},
"woman_walk_def_SE_0033.png":
{
	"frame": {"x":1317,"y":107,"w":25,"h":35},
	"rotated": false,
	"trimmed": true,
	"spriteSourceSize": {"x":21,"y":8,"w":25,"h":35},
	"sourceSize": {"w":60,"h":60}
},
"woman_walk_def_SE_0034.png":
{
	"frame": {"x":1427,"y":71,"w":25,"h":34},
	"rotated": false,
	"trimmed": true,
	"spriteSourceSize": {"x":21,"y":8,"w":25,"h":34},
	"sourceSize": {"w":60,"h":60}
},
"woman_walk_def_SE_0035.png":
{
	"frame": {"x":1454,"y":71,"w":26,"h":34},
	"rotated": false,
	"trimmed": true,
	"spriteSourceSize": {"x":20,"y":8,"w":26,"h":34},
	"sourceSize": {"w":60,"h":60}
},
"woman_walk_def_SE_0036.png":
{
	"frame": {"x":1482,"y":71,"w":26,"h":34},
	"rotated": false,
	"trimmed": true,
	"spriteSourceSize": {"x":20,"y":8,"w":26,"h":34},
	"sourceSize": {"w":60,"h":60}
},
"woman_walk_def_SE_0037.png":
{
	"frame": {"x":710,"y":35,"w":25,"h":33},
	"rotated": false,
	"trimmed": true,
	"spriteSourceSize": {"x":20,"y":8,"w":25,"h":33},
	"sourceSize": {"w":60,"h":60}
},
"woman_walk_def_SE_0038.png":
{
	"frame": {"x":737,"y":35,"w":24,"h":33},
	"rotated": false,
	"trimmed": true,
	"spriteSourceSize": {"x":21,"y":8,"w":24,"h":33},
	"sourceSize": {"w":60,"h":60}
},
"woman_walk_def_SE_0039.png":
{
	"frame": {"x":763,"y":35,"w":24,"h":33},
	"rotated": false,
	"trimmed": true,
	"spriteSourceSize": {"x":21,"y":8,"w":24,"h":33},
	"sourceSize": {"w":60,"h":60}
},
"woman_walk_def_SW_0000.png":
{
	"frame": {"x":789,"y":35,"w":22,"h":33},
	"rotated": false,
	"trimmed": true,
	"spriteSourceSize": {"x":27,"y":8,"w":22,"h":33},
	"sourceSize": {"w":60,"h":60}
},
"woman_walk_def_SW_0001.png":
{
	"frame": {"x":813,"y":35,"w":21,"h":33},
	"rotated": false,
	"trimmed": true,
	"spriteSourceSize": {"x":27,"y":8,"w":21,"h":33},
	"sourceSize": {"w":60,"h":60}
},
"woman_walk_def_SW_0002.png":
{
	"frame": {"x":836,"y":35,"w":21,"h":33},
	"rotated": false,
	"trimmed": true,
	"spriteSourceSize": {"x":27,"y":8,"w":21,"h":33},
	"sourceSize": {"w":60,"h":60}
},
"woman_walk_def_SW_0003.png":
{
	"frame": {"x":859,"y":35,"w":21,"h":33},
	"rotated": false,
	"trimmed": true,
	"spriteSourceSize": {"x":27,"y":8,"w":21,"h":33},
	"sourceSize": {"w":60,"h":60}
},
"woman_walk_def_SW_0004.png":
{
	"frame": {"x":1510,"y":71,"w":22,"h":34},
	"rotated": false,
	"trimmed": true,
	"spriteSourceSize": {"x":26,"y":8,"w":22,"h":34},
	"sourceSize": {"w":60,"h":60}
},
"woman_walk_def_SW_0005.png":
{
	"frame": {"x":1534,"y":71,"w":22,"h":34},
	"rotated": false,
	"trimmed": true,
	"spriteSourceSize": {"x":26,"y":8,"w":22,"h":34},
	"sourceSize": {"w":60,"h":60}
},
"woman_walk_def_SW_0006.png":
{
	"frame": {"x":1344,"y":107,"w":22,"h":35},
	"rotated": false,
	"trimmed": true,
	"spriteSourceSize": {"x":26,"y":8,"w":22,"h":35},
	"sourceSize": {"w":60,"h":60}
},
"woman_walk_def_SW_0007.png":
{
	"frame": {"x":1368,"y":107,"w":24,"h":35},
	"rotated": false,
	"trimmed": true,
	"spriteSourceSize": {"x":25,"y":8,"w":24,"h":35},
	"sourceSize": {"w":60,"h":60}
},
"woman_walk_def_SW_0008.png":
{
	"frame": {"x":1394,"y":107,"w":24,"h":35},
	"rotated": false,
	"trimmed": true,
	"spriteSourceSize": {"x":25,"y":8,"w":24,"h":35},
	"sourceSize": {"w":60,"h":60}
},
"woman_walk_def_SW_0009.png":
{
	"frame": {"x":1420,"y":107,"w":23,"h":35},
	"rotated": false,
	"trimmed": true,
	"spriteSourceSize": {"x":25,"y":8,"w":23,"h":35},
	"sourceSize": {"w":60,"h":60}
},
"woman_walk_def_SW_0010.png":
{
	"frame": {"x":1445,"y":107,"w":24,"h":35},
	"rotated": false,
	"trimmed": true,
	"spriteSourceSize": {"x":25,"y":8,"w":24,"h":35},
	"sourceSize": {"w":60,"h":60}
},
"woman_walk_def_SW_0011.png":
{
	"frame": {"x":1471,"y":107,"w":23,"h":35},
	"rotated": false,
	"trimmed": true,
	"spriteSourceSize": {"x":25,"y":8,"w":23,"h":35},
	"sourceSize": {"w":60,"h":60}
},
"woman_walk_def_SW_0012.png":
{
	"frame": {"x":1496,"y":107,"w":22,"h":35},
	"rotated": false,
	"trimmed": true,
	"spriteSourceSize": {"x":26,"y":8,"w":22,"h":35},
	"sourceSize": {"w":60,"h":60}
},
"woman_walk_def_SW_0013.png":
{
	"frame": {"x":1558,"y":71,"w":23,"h":34},
	"rotated": false,
	"trimmed": true,
	"spriteSourceSize": {"x":25,"y":8,"w":23,"h":34},
	"sourceSize": {"w":60,"h":60}
},
"woman_walk_def_SW_0014.png":
{
	"frame": {"x":1583,"y":71,"w":23,"h":34},
	"rotated": false,
	"trimmed": true,
	"spriteSourceSize": {"x":25,"y":8,"w":23,"h":34},
	"sourceSize": {"w":60,"h":60}
},
"woman_walk_def_SW_0015.png":
{
	"frame": {"x":1608,"y":71,"w":23,"h":34},
	"rotated": false,
	"trimmed": true,
	"spriteSourceSize": {"x":25,"y":8,"w":23,"h":34},
	"sourceSize": {"w":60,"h":60}
},
"woman_walk_def_SW_0016.png":
{
	"frame": {"x":882,"y":35,"w":23,"h":33},
	"rotated": false,
	"trimmed": true,
	"spriteSourceSize": {"x":25,"y":8,"w":23,"h":33},
	"sourceSize": {"w":60,"h":60}
},
"woman_walk_def_SW_0017.png":
{
	"frame": {"x":907,"y":35,"w":23,"h":33},
	"rotated": false,
	"trimmed": true,
	"spriteSourceSize": {"x":25,"y":8,"w":23,"h":33},
	"sourceSize": {"w":60,"h":60}
},
"woman_walk_def_SW_0018.png":
{
	"frame": {"x":932,"y":35,"w":23,"h":33},
	"rotated": false,
	"trimmed": true,
	"spriteSourceSize": {"x":25,"y":8,"w":23,"h":33},
	"sourceSize": {"w":60,"h":60}
},
"woman_walk_def_SW_0019.png":
{
	"frame": {"x":957,"y":35,"w":24,"h":33},
	"rotated": false,
	"trimmed": true,
	"spriteSourceSize": {"x":25,"y":8,"w":24,"h":33},
	"sourceSize": {"w":60,"h":60}
},
"woman_walk_def_SW_0020.png":
{
	"frame": {"x":528,"y":1,"w":24,"h":32},
	"rotated": false,
	"trimmed": true,
	"spriteSourceSize": {"x":25,"y":8,"w":24,"h":32},
	"sourceSize": {"w":60,"h":60}
},
"woman_walk_def_SW_0021.png":
{
	"frame": {"x":554,"y":1,"w":22,"h":32},
	"rotated": false,
	"trimmed": true,
	"spriteSourceSize": {"x":26,"y":8,"w":22,"h":32},
	"sourceSize": {"w":60,"h":60}
},
"woman_walk_def_SW_0022.png":
{
	"frame": {"x":578,"y":1,"w":23,"h":32},
	"rotated": false,
	"trimmed": true,
	"spriteSourceSize": {"x":26,"y":8,"w":23,"h":32},
	"sourceSize": {"w":60,"h":60}
},
"woman_walk_def_SW_0023.png":
{
	"frame": {"x":603,"y":1,"w":22,"h":32},
	"rotated": false,
	"trimmed": true,
	"spriteSourceSize": {"x":26,"y":8,"w":22,"h":32},
	"sourceSize": {"w":60,"h":60}
},
"woman_walk_def_SW_0024.png":
{
	"frame": {"x":983,"y":35,"w":22,"h":33},
	"rotated": false,
	"trimmed": true,
	"spriteSourceSize": {"x":26,"y":8,"w":22,"h":33},
	"sourceSize": {"w":60,"h":60}
},
"woman_walk_def_SW_0025.png":
{
	"frame": {"x":1633,"y":71,"w":23,"h":34},
	"rotated": false,
	"trimmed": true,
	"spriteSourceSize": {"x":25,"y":8,"w":23,"h":34},
	"sourceSize": {"w":60,"h":60}
},
"woman_walk_def_SW_0026.png":
{
	"frame": {"x":1658,"y":71,"w":24,"h":34},
	"rotated": false,
	"trimmed": true,
	"spriteSourceSize": {"x":24,"y":8,"w":24,"h":34},
	"sourceSize": {"w":60,"h":60}
},
"woman_walk_def_SW_0027.png":
{
	"frame": {"x":1684,"y":71,"w":24,"h":34},
	"rotated": false,
	"trimmed": true,
	"spriteSourceSize": {"x":24,"y":8,"w":24,"h":34},
	"sourceSize": {"w":60,"h":60}
},
"woman_walk_def_SW_0028.png":
{
	"frame": {"x":1710,"y":71,"w":25,"h":34},
	"rotated": false,
	"trimmed": true,
	"spriteSourceSize": {"x":24,"y":8,"w":25,"h":34},
	"sourceSize": {"w":60,"h":60}
},
"woman_walk_def_SW_0029.png":
{
	"frame": {"x":1737,"y":71,"w":24,"h":34},
	"rotated": false,
	"trimmed": true,
	"spriteSourceSize": {"x":24,"y":8,"w":24,"h":34},
	"sourceSize": {"w":60,"h":60}
},
"woman_walk_def_SW_0030.png":
{
	"frame": {"x":1763,"y":71,"w":24,"h":34},
	"rotated": false,
	"trimmed": true,
	"spriteSourceSize": {"x":24,"y":8,"w":24,"h":34},
	"sourceSize": {"w":60,"h":60}
},
"woman_walk_def_SW_0031.png":
{
	"frame": {"x":1789,"y":71,"w":25,"h":34},
	"rotated": false,
	"trimmed": true,
	"spriteSourceSize": {"x":24,"y":8,"w":25,"h":34},
	"sourceSize": {"w":60,"h":60}
},
"woman_walk_def_SW_0032.png":
{
	"frame": {"x":1816,"y":71,"w":24,"h":34},
	"rotated": false,
	"trimmed": true,
	"spriteSourceSize": {"x":24,"y":8,"w":24,"h":34},
	"sourceSize": {"w":60,"h":60}
},
"woman_walk_def_SW_0033.png":
{
	"frame": {"x":1842,"y":71,"w":24,"h":34},
	"rotated": false,
	"trimmed": true,
	"spriteSourceSize": {"x":25,"y":8,"w":24,"h":34},
	"sourceSize": {"w":60,"h":60}
},
"woman_walk_def_SW_0034.png":
{
	"frame": {"x":1868,"y":71,"w":23,"h":34},
	"rotated": false,
	"trimmed": true,
	"spriteSourceSize": {"x":25,"y":8,"w":23,"h":34},
	"sourceSize": {"w":60,"h":60}
},
"woman_walk_def_SW_0035.png":
{
	"frame": {"x":1007,"y":35,"w":22,"h":33},
	"rotated": false,
	"trimmed": true,
	"spriteSourceSize": {"x":26,"y":8,"w":22,"h":33},
	"sourceSize": {"w":60,"h":60}
},
"woman_walk_def_SW_0036.png":
{
	"frame": {"x":1054,"y":36,"w":23,"h":33},
	"rotated": false,
	"trimmed": true,
	"spriteSourceSize": {"x":26,"y":8,"w":23,"h":33},
	"sourceSize": {"w":60,"h":60}
},
"woman_walk_def_SW_0037.png":
{
	"frame": {"x":1031,"y":35,"w":21,"h":33},
	"rotated": false,
	"trimmed": true,
	"spriteSourceSize": {"x":27,"y":8,"w":21,"h":33},
	"sourceSize": {"w":60,"h":60}
},
"woman_walk_def_SW_0038.png":
{
	"frame": {"x":1079,"y":36,"w":21,"h":33},
	"rotated": false,
	"trimmed": true,
	"spriteSourceSize": {"x":27,"y":8,"w":21,"h":33},
	"sourceSize": {"w":60,"h":60}
},
"woman_walk_def_SW_0039.png":
{
	"frame": {"x":1102,"y":36,"w":22,"h":33},
	"rotated": false,
	"trimmed": true,
	"spriteSourceSize": {"x":27,"y":8,"w":22,"h":33},
	"sourceSize": {"w":60,"h":60}
},
"woman_walk_def_W_0000.png":
{
	"frame": {"x":1427,"y":36,"w":23,"h":33},
	"rotated": false,
	"trimmed": true,
	"spriteSourceSize": {"x":27,"y":8,"w":23,"h":33},
	"sourceSize": {"w":60,"h":60}
},
"woman_walk_def_W_0001.png":
{
	"frame": {"x":1452,"y":36,"w":24,"h":33},
	"rotated": false,
	"trimmed": true,
	"spriteSourceSize": {"x":26,"y":8,"w":24,"h":33},
	"sourceSize": {"w":60,"h":60}
},
"woman_walk_def_W_0002.png":
{
	"frame": {"x":1478,"y":36,"w":24,"h":33},
	"rotated": false,
	"trimmed": true,
	"spriteSourceSize": {"x":26,"y":8,"w":24,"h":33},
	"sourceSize": {"w":60,"h":60}
},
"woman_walk_def_W_0003.png":
{
	"frame": {"x":1504,"y":36,"w":24,"h":33},
	"rotated": false,
	"trimmed": true,
	"spriteSourceSize": {"x":26,"y":8,"w":24,"h":33},
	"sourceSize": {"w":60,"h":60}
},
"woman_walk_def_W_0004.png":
{
	"frame": {"x":1530,"y":36,"w":24,"h":33},
	"rotated": false,
	"trimmed": true,
	"spriteSourceSize": {"x":26,"y":8,"w":24,"h":33},
	"sourceSize": {"w":60,"h":60}
},
"woman_walk_def_W_0005.png":
{
	"frame": {"x":1556,"y":36,"w":25,"h":33},
	"rotated": false,
	"trimmed": true,
	"spriteSourceSize": {"x":25,"y":8,"w":25,"h":33},
	"sourceSize": {"w":60,"h":60}
},
"woman_walk_def_W_0006.png":
{
	"frame": {"x":1583,"y":36,"w":26,"h":33},
	"rotated": false,
	"trimmed": true,
	"spriteSourceSize": {"x":24,"y":8,"w":26,"h":33},
	"sourceSize": {"w":60,"h":60}
},
"woman_walk_def_W_0007.png":
{
	"frame": {"x":1611,"y":36,"w":26,"h":33},
	"rotated": false,
	"trimmed": true,
	"spriteSourceSize": {"x":23,"y":8,"w":26,"h":33},
	"sourceSize": {"w":60,"h":60}
},
"woman_walk_def_W_0008.png":
{
	"frame": {"x":702,"y":1,"w":28,"h":32},
	"rotated": false,
	"trimmed": true,
	"spriteSourceSize": {"x":22,"y":9,"w":28,"h":32},
	"sourceSize": {"w":60,"h":60}
},
"woman_walk_def_W_0009.png":
{
	"frame": {"x":732,"y":1,"w":26,"h":32},
	"rotated": false,
	"trimmed": true,
	"spriteSourceSize": {"x":23,"y":9,"w":26,"h":32},
	"sourceSize": {"w":60,"h":60}
},
"woman_walk_def_W_0010.png":
{
	"frame": {"x":1639,"y":36,"w":27,"h":33},
	"rotated": false,
	"trimmed": true,
	"spriteSourceSize": {"x":23,"y":9,"w":27,"h":33},
	"sourceSize": {"w":60,"h":60}
},
"woman_walk_def_W_0011.png":
{
	"frame": {"x":1668,"y":36,"w":27,"h":33},
	"rotated": false,
	"trimmed": true,
	"spriteSourceSize": {"x":23,"y":9,"w":27,"h":33},
	"sourceSize": {"w":60,"h":60}
},
"woman_walk_def_W_0012.png":
{
	"frame": {"x":1697,"y":36,"w":26,"h":33},
	"rotated": false,
	"trimmed": true,
	"spriteSourceSize": {"x":24,"y":9,"w":26,"h":33},
	"sourceSize": {"w":60,"h":60}
},
"woman_walk_def_W_0013.png":
{
	"frame": {"x":1725,"y":36,"w":25,"h":33},
	"rotated": false,
	"trimmed": true,
	"spriteSourceSize": {"x":25,"y":9,"w":25,"h":33},
	"sourceSize": {"w":60,"h":60}
},
"woman_walk_def_W_0014.png":
{
	"frame": {"x":1752,"y":36,"w":23,"h":33},
	"rotated": false,
	"trimmed": true,
	"spriteSourceSize": {"x":26,"y":9,"w":23,"h":33},
	"sourceSize": {"w":60,"h":60}
},
"woman_walk_def_W_0015.png":
{
	"frame": {"x":1777,"y":36,"w":24,"h":33},
	"rotated": false,
	"trimmed": true,
	"spriteSourceSize": {"x":26,"y":9,"w":24,"h":33},
	"sourceSize": {"w":60,"h":60}
},
"woman_walk_def_W_0016.png":
{
	"frame": {"x":1803,"y":36,"w":23,"h":33},
	"rotated": false,
	"trimmed": true,
	"spriteSourceSize": {"x":26,"y":9,"w":23,"h":33},
	"sourceSize": {"w":60,"h":60}
},
"woman_walk_def_W_0017.png":
{
	"frame": {"x":1828,"y":36,"w":23,"h":33},
	"rotated": false,
	"trimmed": true,
	"spriteSourceSize": {"x":27,"y":9,"w":23,"h":33},
	"sourceSize": {"w":60,"h":60}
},
"woman_walk_def_W_0018.png":
{
	"frame": {"x":1853,"y":36,"w":22,"h":33},
	"rotated": false,
	"trimmed": true,
	"spriteSourceSize": {"x":28,"y":9,"w":22,"h":33},
	"sourceSize": {"w":60,"h":60}
},
"woman_walk_def_W_0019.png":
{
	"frame": {"x":1877,"y":36,"w":23,"h":33},
	"rotated": false,
	"trimmed": true,
	"spriteSourceSize": {"x":27,"y":8,"w":23,"h":33},
	"sourceSize": {"w":60,"h":60}
},
"woman_walk_def_W_0020.png":
{
	"frame": {"x":1902,"y":36,"w":23,"h":33},
	"rotated": false,
	"trimmed": true,
	"spriteSourceSize": {"x":27,"y":8,"w":23,"h":33},
	"sourceSize": {"w":60,"h":60}
},
"woman_walk_def_W_0021.png":
{
	"frame": {"x":1927,"y":36,"w":23,"h":33},
	"rotated": false,
	"trimmed": true,
	"spriteSourceSize": {"x":27,"y":8,"w":23,"h":33},
	"sourceSize": {"w":60,"h":60}
},
"woman_walk_def_W_0022.png":
{
	"frame": {"x":1952,"y":36,"w":25,"h":33},
	"rotated": false,
	"trimmed": true,
	"spriteSourceSize": {"x":26,"y":8,"w":25,"h":33},
	"sourceSize": {"w":60,"h":60}
},
"woman_walk_def_W_0023.png":
{
	"frame": {"x":1979,"y":36,"w":23,"h":33},
	"rotated": false,
	"trimmed": true,
	"spriteSourceSize": {"x":26,"y":8,"w":23,"h":33},
	"sourceSize": {"w":60,"h":60}
},
"woman_walk_def_W_0024.png":
{
	"frame": {"x":2004,"y":36,"w":23,"h":33},
	"rotated": false,
	"trimmed": true,
	"spriteSourceSize": {"x":26,"y":8,"w":23,"h":33},
	"sourceSize": {"w":60,"h":60}
},
"woman_walk_def_W_0025.png":
{
	"frame": {"x":1,"y":70,"w":25,"h":33},
	"rotated": false,
	"trimmed": true,
	"spriteSourceSize": {"x":25,"y":8,"w":25,"h":33},
	"sourceSize": {"w":60,"h":60}
},
"woman_walk_def_W_0026.png":
{
	"frame": {"x":28,"y":70,"w":26,"h":33},
	"rotated": false,
	"trimmed": true,
	"spriteSourceSize": {"x":24,"y":8,"w":26,"h":33},
	"sourceSize": {"w":60,"h":60}
},
"woman_walk_def_W_0027.png":
{
	"frame": {"x":56,"y":70,"w":26,"h":33},
	"rotated": false,
	"trimmed": true,
	"spriteSourceSize": {"x":23,"y":8,"w":26,"h":33},
	"sourceSize": {"w":60,"h":60}
},
"woman_walk_def_W_0028.png":
{
	"frame": {"x":760,"y":1,"w":26,"h":32},
	"rotated": false,
	"trimmed": true,
	"spriteSourceSize": {"x":23,"y":9,"w":26,"h":32},
	"sourceSize": {"w":60,"h":60}
},
"woman_walk_def_W_0029.png":
{
	"frame": {"x":788,"y":1,"w":27,"h":32},
	"rotated": false,
	"trimmed": true,
	"spriteSourceSize": {"x":23,"y":9,"w":27,"h":32},
	"sourceSize": {"w":60,"h":60}
},
"woman_walk_def_W_0030.png":
{
	"frame": {"x":817,"y":1,"w":26,"h":32},
	"rotated": false,
	"trimmed": true,
	"spriteSourceSize": {"x":23,"y":9,"w":26,"h":32},
	"sourceSize": {"w":60,"h":60}
},
"woman_walk_def_W_0031.png":
{
	"frame": {"x":845,"y":1,"w":26,"h":32},
	"rotated": false,
	"trimmed": true,
	"spriteSourceSize": {"x":23,"y":9,"w":26,"h":32},
	"sourceSize": {"w":60,"h":60}
},
"woman_walk_def_W_0032.png":
{
	"frame": {"x":873,"y":1,"w":25,"h":32},
	"rotated": false,
	"trimmed": true,
	"spriteSourceSize": {"x":24,"y":9,"w":25,"h":32},
	"sourceSize": {"w":60,"h":60}
},
"woman_walk_def_W_0033.png":
{
	"frame": {"x":900,"y":1,"w":26,"h":32},
	"rotated": false,
	"trimmed": true,
	"spriteSourceSize": {"x":24,"y":9,"w":26,"h":32},
	"sourceSize": {"w":60,"h":60}
},
"woman_walk_def_W_0034.png":
{
	"frame": {"x":928,"y":1,"w":24,"h":32},
	"rotated": false,
	"trimmed": true,
	"spriteSourceSize": {"x":25,"y":9,"w":24,"h":32},
	"sourceSize": {"w":60,"h":60}
},
"woman_walk_def_W_0035.png":
{
	"frame": {"x":954,"y":1,"w":23,"h":32},
	"rotated": false,
	"trimmed": true,
	"spriteSourceSize": {"x":26,"y":9,"w":23,"h":32},
	"sourceSize": {"w":60,"h":60}
},
"woman_walk_def_W_0036.png":
{
	"frame": {"x":979,"y":1,"w":24,"h":32},
	"rotated": false,
	"trimmed": true,
	"spriteSourceSize": {"x":26,"y":9,"w":24,"h":32},
	"sourceSize": {"w":60,"h":60}
},
"woman_walk_def_W_0037.png":
{
	"frame": {"x":1005,"y":1,"w":23,"h":32},
	"rotated": false,
	"trimmed": true,
	"spriteSourceSize": {"x":27,"y":9,"w":23,"h":32},
	"sourceSize": {"w":60,"h":60}
},
"woman_walk_def_W_0038.png":
{
	"frame": {"x":1030,"y":1,"w":23,"h":32},
	"rotated": false,
	"trimmed": true,
	"spriteSourceSize": {"x":27,"y":9,"w":23,"h":32},
	"sourceSize": {"w":60,"h":60}
},
"woman_walk_def_W_0039.png":
{
	"frame": {"x":84,"y":70,"w":23,"h":33},
	"rotated": false,
	"trimmed": true,
	"spriteSourceSize": {"x":27,"y":8,"w":23,"h":33},
	"sourceSize": {"w":60,"h":60}
}},
"meta": {
	"app": "https://www.codeandweb.com/texturepacker",
	"version": "1.0",
	"image": "2.png",
	"format": "RGBA8888",
	"size": {"w":2038,"h":144},
	"scale": "1",
	"smartupdate": "$TexturePacker:SmartUpdate:46fbf6b20ceab9952d99818796f1205f:289ebe4c079ed48fe2dd1c82b9338636:5ed6fcaeb66fa059fba7886eb3eee15a$"
}
}
